text,label
"Rohit's strike rate has been a concern, he's averaging 45.67 in the last 10 matches with a strike rate of 72.11, we need him to step up in the next match.",analysis
"I'M SO SICK OF THIS TEAM, WE ALWAYS CHOKING IN BIG GAMES",hot_take
WOW WHAT A CATCH!!!!,reaction
"The economy rate of our spinners has been impressive, averaging 5.23 in the powerplay, but we need to work on our death bowling.",analysis
"Kohli is overrated, he's been playing selfishly and it's costing us the matches.",hot_take
UNBELIEVABLE SHOT!!!!,reaction
"If we look at the pitch data, it's clear that the seamers have been getting more assistance than the spinners, so we should consider playing an extra seamer.",analysis
"I don't think our selectors know what they're doing, we have so much talent on the bench but they keep playing the same old players.",hot_take
THAT'S OUT!!!!,reaction
"The form of our openers has been a concern, they've only managed to score 234 runs in the last 5 matches, we need them to fire in the next match.",analysis
"Our team is too dependent on Kohli, if he fails we always seem to struggle.",hot_take
WHAT A BALL!!!!,reaction
"If we look at the stats, our middle order has been struggling to rotate the strike, averaging only 23.45 in the last 10 matches.",analysis
"I think we should give the younger players a chance, they've proven themselves in the domestic circuit and it's time to give them a shot at the international level.",hot_take
THIS IS IT!!!! WE'RE GOING TO WIN!!!!,reaction
"Our bowlers have been doing a great job, but we need to work on our fielding, we've been dropping too many catches and it's costing us.",analysis
"I don't think our coaches are doing a good job, the players seem to be regressing under their guidance.",hot_take
UNBELIEVABLE RUN OUT!!!!,reaction
"If we analyze the data, it's clear that our batsmen have been struggling to score against the short ball, averaging only 25.12 in the last 10 matches.",analysis
"Our team lacks the killer instinct, we always seem to let the opposition off the hook.",hot_take
THIS IS AMAZING!!!!,reaction
"The bowling changes have been impressive, our captain has been using the bowlers effectively and it's paying off.",analysis
"I think we should play more aggressively, we've been playing too defensively and it's not working.",hot_take
WOW!!!! WHAT A SHOT!!!!,reaction
"Our top order has been solid, but the lower order has been struggling to finish the innings off.",analysis
"I'm so frustrated with the team, we always seem to find ways to lose.",hot_take
THAT'S A GREAT CATCH!!!!,reaction
"The team needs to work on their over rate, we've been getting fined for slow over rates and it's affecting our performance.",analysis
"Our batting lineup is too predictable, the opposition knows exactly what to expect from us.",hot_take
UNBELIEVABLE BOWLING!!!!,reaction
"If we look at the stats, our spinners have been getting more wickets in the middle overs, averaging 3.67 wickets per match.",analysis
"I think the team is too reliant on individual performances, we need to start playing as a team.",hot_take
WE'RE GOING TO LOSE THIS MATCH!!!!,reaction
"Our fielding has been impressive, we've been taking some great catches and it's been a game changer.",analysis
"The selectors are to blame for our poor performance, they've made some questionable selections.",hot_take
THIS IS THE TURNING POINT!!!!,reaction
"The data suggests that our batsmen have been struggling to score against the leg spin, averaging only 20.56 in the last 10 matches.",analysis
"I think the captain is out of his depth, he's not making the right decisions on the field.",hot_take
UNBELIEVABLE RUN!!!!,reaction
"If we analyze the opposition's strengths and weaknesses, we can come up with a plan to exploit them.",analysis
Our team lacks the passion and fire that's required to win at the highest level.,hot_take
THIS IS THE BEST INNINGS I'VE EVER SEEN!!!!,reaction
"The stats show that our bowlers have been getting more wickets in the powerplay, averaging 2.56 wickets per match.",analysis
"I think we should give the younger players a chance to lead the team, they have the energy and passion that's required to succeed.",hot_take
WE'RE BACK IN THE GAME!!!!,reaction
"If we look at the pitch data, it's clear that the seamers have been getting more assistance than the spinners in the first 10 overs.",analysis
"Our team is too defensive, we need to start playing more aggressively.",hot_take
UNBELIEVABLE CATCH!!!!,reaction
"The form of our middle order has been a concern, they've only managed to score 201 runs in the last 5 matches.",analysis
"I think the team is too reliant on the seniors, we need to start giving the younger players more opportunities.",hot_take
THIS IS THE MOMENT WE'VE BEEN WAITING FOR!!!!,reaction
"Our bowlers have been doing a great job, but we need to work on our death bowling, we've been conceding too many runs in the last 5 overs.",analysis
"The selectors have made some questionable decisions, we need to start giving the younger players a chance.",hot_take
WOW!!!! WHAT A BALL!!!!,reaction
"If we analyze the data, it's clear that our batsmen have been struggling to score against the seamers, averaging only 22.19 in the last 10 matches.",analysis
Our team lacks the discipline and focus that's required to succeed at the highest level.,hot_take
THAT'S OUT!!!!,reaction
"The team needs to work on their running between the wickets, we've been getting run out too many times.",analysis
"I think the captain is too scared to make the tough decisions, we need a leader who's willing to take risks.",hot_take
UNBELIEVABLE INNINGS!!!!,reaction
"Our top order has been impressive, but the lower order has been struggling to finish the innings off, averaging only 101 runs in the last 5 matches.",analysis
"The team is too predictable, the opposition knows exactly what to expect from us.",hot_take
WE'RE IN TROUBLE!!!!,reaction
"The stats show that our spinners have been getting more wickets in the middle overs, averaging 3.21 wickets per match.",analysis
"I think the selectors have made a mistake by not selecting some of the younger players, they have the talent and energy to succeed.",hot_take
WOW!!!! WHAT A SHOT!!!!,reaction
"If we analyze the opposition's strengths and weaknesses, we can come up with a plan to exploit them and win the match.",analysis
"Our team lacks the killer instinct, we always seem to let the opposition off the hook.",hot_take
UNBELIEVABLE BOWLING!!!!,reaction
"The team needs to work on their fielding, we've been dropping too many catches and it's costing us.",analysis
"I think the captain is too focused on his own performance, he needs to start thinking about the team.",hot_take
THAT'S A GREAT CATCH!!!!,reaction
"Our bowlers have been doing a great job, but we need to work on our death bowling, we've been conceding too many runs in the last 5 overs.",analysis
"The selectors have made some questionable decisions, we need to start giving the younger players a chance to prove themselves.",hot_take
WE'RE GOING TO WIN THIS MATCH!!!!,reaction
"If we look at the stats, our batsmen have been struggling to score against the leg spin, averaging only 20.56 in the last 10 matches.",analysis
"I think the team is too reliant on individual performances, we need to start playing as a team.",hot_take
UNBELIEVABLE RUN!!!!,reaction
"The data suggests that our batsmen have been struggling to score against the seamers, averaging only 22.19 in the last 10 matches.",analysis
"Our team lacks the passion and fire that's required to win at the highest level, we need to start playing with more energy and intensity.",hot_take
THIS IS THE BEST INNINGS I'VE EVER SEEN!!!!,reaction
"If we analyze the opposition's strengths and weaknesses, we can come up with a plan to exploit them and win the match.",analysis
"I think the captain is out of his depth, he's not making the right decisions on the field.",hot_take
WE'RE BACK IN THE GAME!!!!,reaction
"Rahul has a strike rate of 140+ in the powerplay, but his form has been questionable in the middle overs. Needs to work on his rotation of strike.",analysis
KOHLI IS THE GREATEST BATSMAN OF ALL TIME AND IF YOU DISAGREE YOU'RE CLUELESS!,hot_take
WICKET!!! WHAT A CATCH BY ROHIT!,reaction
"Bumrah's economy rate in the death overs is under 8, which is exceptional considering the pressure. He's a game-changer.",analysis
THE UMPIRES ARE CORRUPT AND ALWAYS GIVE DECISIONS AGAINST US!,hot_take
THAT SIX WAS OUT OF THE PARK!,reaction
"The pitch data suggests that spinners have a significant advantage on this track, with an average of 4.5 wickets per innings.",analysis
OUR TEAM IS THE WORST AND WE'LL NEVER WIN ANYTHING WITH THIS LINEUP!,hot_take
UNBELIEVABLE RUNNING CATCH BY THE FIELDER!,reaction
"Rashid Khan's form has been impressive, with 15 wickets in his last 5 matches. His economy rate is also under 6.",analysis
THE ICC IS BIASED TOWARDS THE BIG THREE TEAMS AND ALWAYS FAVORS THEM!,hot_take
THAT WAS A NO BALL! HOW DID THE UMPIRE MISS IT?,reaction
"The team's batting average in the first 10 overs is 45, which is a significant improvement from last season.",analysis
OUR BOWLING ATTACK IS THE WORST IN THE WORLD AND WE NEED TO OVERHAUL IT COMPLETELY!,hot_take
WHAT A SHOT! THAT'S OUT OF THE GROUND!,reaction
"The opposition's opening partnership average is 30, which is a significant vulnerability that we can exploit.",analysis
THE TOSS IS RIGGED AND THE TEAM THAT WINS THE TOSS ALWAYS WINS THE MATCH!,hot_take
UNBELIEVABLE! THAT WAS A HAT-TRICK!,reaction
"The bowler's length is a crucial factor, with 60% of the wickets falling to deliveries pitched up.",analysis
OUR TEAM'S FIELDING IS THE WORST I'VE EVER SEEN!,hot_take
THAT WAS A STUNNING CATCH!,reaction
"The batsman's strike rate against spin is 90, which is a significant concern given the opposition's strength in that area.",analysis
THE UMPIRES ARE INCOMPETENT AND SHOULD BE FIRED!,hot_take
WHAT A FINISH! WE WON IT IN THE LAST OVER!,reaction
"The team's bowling strategy in the powerplay has been effective, with 20% of the wickets falling in that period.",analysis
OUR BATSMENT ARE THE WORST IN THE WORLD AND CAN'T EVEN ROTATE THE STRIKE!,hot_take
UNBELIEVABLE! THAT WAS A CENTURY!,reaction
"The pitch data suggests that the bounce is inconsistent, which could favor the seam bowlers.",analysis
THE OPPOSITION TEAM IS CHEATING AND GETTING AWAY WITH IT!,hot_take
THAT WAS AN OUTRAGEOUS SHOT!,reaction
"The batsman's average against pace is 40, which is a significant improvement from last season.",analysis
OUR TEAM'S SELECTION IS BIASED AND FAVORS CERTAIN PLAYERS OVER OTHERS!,hot_take
WHAT A CATCH! THE FIELDER TOOK IT ONE-HANDED!,reaction
"The team's strategy in the middle overs has been effective, with 30% of the runs scored in that period.",analysis
THE UMPIRES ARE ALWAYS AGAINST US AND GIVE DECISIONS AGAINST US!,hot_take
THAT WAS A STUNNING DELIVERY!,reaction
"The bowler's variation in pace and length has been causing problems for the batsmen, with 20% of the wickets falling to his slower deliveries.",analysis
OUR TEAM IS THE MOST DISORGANIZED TEAM IN THE LEAGUE!,hot_take
UNBELIEVABLE! THAT WAS A FIVE-FOR!,reaction
"The team's performance in different conditions is a significant factor, with a winning percentage of 60% in home matches.",analysis
THE OPPOSITION TEAM'S SPIRIT IS THE WORST I'VE EVER SEEN!,hot_take
THAT WAS AN OUTRAGEOUS Boundary!,reaction
"The batsman's ability to rotate the strike has been impressive, with a strike rotation rate of 70%.",analysis
OUR TEAM'S TACTICS ARE THE WORST I'VE EVER SEEN!,hot_take
UNBELIEVABLE! THAT WAS A SUPER OVER!,reaction
"The team's strategy in the death overs has been effective, with 25% of the runs scored in that period.",analysis
THE ICC IS RUINING THE GAME WITH ITS RULE CHANGES!,hot_take
THAT WAS A HEART-STOPPING FINISH!,reaction
"The pitch data suggests that the seam bowlers have an advantage, with 60% of the wickets falling to that type of bowling.",analysis
OUR TEAM'S LEADERSHIP IS THE WORST I'VE EVER SEEN!,hot_take
WHAT A WIN! WE DID IT!,reaction
"The team's performance in pressure situations has been impressive, with a winning percentage of 55% in close matches.",analysis
THE UMPIRES ARE BIASED AND ALWAYS GIVE DECISIONS AGAINST THE SMALLER TEAMS!,hot_take
THAT WAS AN OUTRAGEOUS CATCH!,reaction
"The bowler's ability to bowl yorkers has been causing problems for the batsmen, with 15% of the wickets falling to that type of delivery.",analysis
OUR TEAM IS THE MOST OVERHYPED TEAM IN THE LEAGUE!,hot_take
UNBELIEVABLE! THAT WAS A WORLD RECORD!,reaction
"The team's strategy in the middle overs has been effective, with 30% of the runs scored in that period.",analysis
THE OPPOSITION TEAM'S COACH IS THE WORST I'VE EVER SEEN!,hot_take
THAT WAS A HEART-STOPPING MOMENT!,reaction
"The batsman's ability to score boundaries has been impressive, with a boundary strike rate of 80.",analysis
OUR TEAM'S SELECTION COMMITTEE IS THE WORST I'VE EVER SEEN!,hot_take
WHAT A SHOT! THAT WAS OUT OF THE PARK!,reaction
"The pitch data suggests that the spin bowlers have an advantage, with 40% of the wickets falling to that type of bowling.",analysis
THE ICC IS KILLING THE GAME WITH ITS RULE CHANGES!,hot_take
THAT WAS AN OUTRAGEOUS FINISH!,reaction
"The team's performance in different conditions is a significant factor, with a winning percentage of 55% in away matches.",analysis
OUR TEAM IS THE MOST DISAPPOINTING TEAM IN THE LEAGUE!,hot_take
UNBELIEVABLE! THAT WAS A TIE!,reaction
"The bowler's variation in pace and length has been causing problems for the batsmen, with 20% of the wickets falling to his slower deliveries.",analysis
THE OPPOSITION TEAM'S SPIRIT IS THE WORST I'VE EVER SEEN!,hot_take
THAT WAS A HEART-STOPPING DELIVERY!,reaction
"The team's strategy in the death overs has been effective, with 25% of the runs scored in that period.",analysis
OUR TEAM'S LEADERSHIP IS THE MOST INCOMPETENT I'VE EVER SEEN!,hot_take
WHAT A WIN! WE DID IT IN STYLE!,reaction
"The pitch data suggests that the seam bowlers have an advantage, with 60% of the wickets falling to that type of bowling.",analysis
THE ICC IS RUINING THE GAME WITH ITS Politics!,hot_take
UNBELIEVABLE! THAT WAS A WORLD RECORD!,reaction
"The team's performance in pressure situations has been impressive, with a winning percentage of 55% in close matches.",analysis
OUR TEAM IS THE MOST OVERrated TEAM IN THE LEAGUE!,hot_take
THAT WAS AN OUTRAGEOUS SHOT!,reaction
"The batsman's ability to rotate the strike has been impressive, with a strike rotation rate of 70%.",analysis
THE UMPIRES ARE BIASED AND ALWAYS GIVE DECISIONS AGAINST THE SMALLER TEAMS!,hot_take
WHAT A CATCH! THE FIELDER TOOK IT ONE-HANDED!,reaction
"Warner's strike rate has been below par in the last 5 matches, averaging only 60.23. He needs to improve his scoring rate if Australia wants to dominate the opposition.",analysis
Ashwin is overrated! He only performs well on dusty spinning pitches. Get him to bowl on a green top and he's nothing.,hot_take
OH MY GOD WHAT A CATCH BY ROHIT,reaction
The economy rate of the Indian bowlers in the powerplay has been a concern. They've been leaking runs at over 8 RPO in the last 3 games.,analysis
Kohli is the most overhyped player in cricket history. He can't even handle short pitched bowling.,hot_take
WHAT A SHOT BY BUTTLER,reaction
"Bumrah's average in the death overs is 8.45, which is slightly higher than what you'd like from your lead pacer. However, his ability to get wickets makes up for it.",analysis
The ICC is ruining cricket with their ridiculous rules. Let the players decide how they want to play.,hot_take
UNBELIEVABLE TURNING POINT IN THE GAME,reaction
"The Australian batsmen have struggled against left arm pace, averaging only 25.6 against them in the last 10 matches.",analysis
Test cricket is dying because of the boring teams like Bangladesh and Zimbabwe.,hot_take
THIS IS THE BEST ODI EVER,reaction
"Root has been in incredible form, scoring 542 runs in the last 5 test matches at an average of 90.33.",analysis
Cricket is a game for the elite and the rest of us are just here to watch the rich boys play.,hot_take
WHAT A SPELL BY STARC,reaction
West Indies have the worst bowling attack in the world. They can't even get a team all out for under 300.,hot_take
UNBELIEVABLE CATCH BY SMITH,reaction
Rashid Khan's variation in his googly and flipper has made him one of the toughest bowlers to face in T20 cricket.,analysis
The umpires are blind and incompetent. They never give the right decisions.,hot_take
THIS IS THE MOST THRILLING MATCH IN YEARS,reaction
"Pakistan's openers have the worst strike rate in the powerplay, averaging only 4.2 runs per over.",analysis
IPL is ruining Indian cricket. It's making players lazy and money hungry.,hot_take
UNBELIEVABLE COMEBACK BY ENGLAND,reaction
"Starc has been in the form of his life, taking 23 wickets in the last 5 test matches at an average of 21.4.",analysis
Cricket needs to bring in more technology to make the game fairer.,hot_take
WHAT A RUN CHASE,reaction
"Dhawan's form in the last 10 ODI matches has been a concern, averaging only 28.5.",analysis
The ICC should make test cricket 3 days instead of 5. It's too long and boring.,hot_take
THIS IS AN UNBELIEVABLE TURNING POINT,reaction
Jasprit Bumrah's ability to bowl Yorkers at will makes him one of the most valuable death bowlers in the world.,analysis
The DRS system is a joke. It never gives the right decisions.,hot_take
UNBELIEVABLE BOWLING SPELL BY RABADA,reaction
"The Indian middle order has been a weakness, averaging only 22.5 in the last 10 test matches.",analysis
Cricket is a snobbish game that only elitists can enjoy.,hot_take
THIS IS THE MOST EXCITING SERIES IN YEARS,reaction
"The New Zealand pace attack has the best economy rate in the first 10 overs, averaging only 4.2 RPO.",analysis
The best batsmen in the world are from Australia. No one can match their skill and talent.,hot_take
UNBELIEVABLE CATCH BY DE KOCK,reaction
"Rohit Sharma's average in the first 10 overs is 43.2, which is the highest among all openers in the last 5 years.",analysis
The umpires are biased towards certain teams and players. They always give them favorable decisions.,hot_take
THIS IS THE MOST ELECTRIFYING MATCH I'VE EVER SEEN,reaction
Pakistan have the worst fielding side in the world. They drop the most catches and miss the most run out opportunities.,hot_take
UNBELIEVABLE SPELL BY CUMMINS,reaction
Virat Kohli's cover drive is the most stylish shot in cricket. No one can match his elegance and precision.,analysis
Cricket needs to bring in more American sports-style rules to make the game more exciting.,hot_take
THIS IS AN UNFORGETTABLE SERIES,reaction
"The West Indian fast bowlers have the worst economy rate in the death overs, averaging over 10 RPO.",analysis
IPL has destroyed the art of batting. Now everyone just wants to hit sixes and fours.,hot_take
UNBELIEVABLE TURNING POINT IN THE GAME,reaction
"Smith's average in the last 10 test matches is 57.2, which is the highest among all batsmen.",analysis
The Indian team is overrated. They only win against weak teams.,hot_take
WHAT A SHOT BY STEVE SMITH,reaction
"Rabada has been in the form of his life, taking 25 wickets in the last 5 test matches at an average of 20.5.",analysis
Test cricket is boring because of the slow over rates. Teams take too long to bowl their overs.,hot_take
UNBELIEVABLE CATCH BY BUTTLER,reaction
England have the best all-round team in the world. They have a good balance of batting and bowling.,analysis
Cricket is a dying sport. No one cares about it anymore.,hot_take
THIS IS THE MOST EXHILARATING MATCH I'VE EVER SEEN,reaction
"India's spinners have the best economy rate in the middle overs, averaging only 4.5 RPO.",analysis
The best captain in the world is Kane Williamson. He's the most intelligent and strategic captain.,hot_take
UNBELIEVABLE SPELL BY JASPRIT BUMRAH,reaction
"The Australian middle order has been a weakness, averaging only 20.5 in the last 10 test matches.",analysis
The ICC should ban the use of DRS. It's ruining the game.,hot_take
THIS IS AN UNBELIEVABLE TURNING POINT,reaction
Virat Kohli's ability to chase down targets is unparalleled. He's the best chaser in the world.,analysis
The best batsman in the world is Babar Azam. He's the most talented and elegant batsman.,hot_take
UNBELIEVABLE BOWLING SPELL BY RASHID KHAN,reaction
"The New Zealand batting lineup has the worst average against spin, averaging only 22.5.",analysis
Cricket needs to bring in more rules to protect the bowlers. They're getting injured too often.,hot_take
THIS IS THE MOST ELECTRIFYING SERIES I'VE EVER SEEN,reaction
"The Indian pace attack has the best average in the first 10 overs, averaging only 22.5.",analysis
The best wicket-keeper in the world is MS Dhoni. He's the most talented and athletic keeper.,hot_take
UNBELIEVABLE CATCH BY KOHLI,reaction
"The Australian bowling attack has the worst economy rate in the middle overs, averaging over 5.5 RPO.",analysis
The ICC should make cricket a 3-day sport. It's too long and boring.,hot_take
THIS IS AN UNFORGETTABLE MATCH,reaction
"The South African batting lineup has the worst average against pace, averaging only 20.5.",analysis
The best captain in the world is Virat Kohli. He's the most aggressive and passionate captain.,hot_take
UNBELIEVABLE SPELL BY MITCHELL STARC,reaction
The Indian team has the best balance of youth and experience. They have a good mix of old and young players.,analysis
Cricket is a game for the privileged. Only rich countries can afford to play it.,hot_take
THIS IS THE MOST EXHILARATING SERIES I'VE EVER SEEN,reaction
"The Pakistani pace attack has the best average in the death overs, averaging only 7.2.",analysis
The best batsman in the world is Steve Smith. He's the most talented and consistent batsman.,hot_take
UNBELIEVABLE CATCH BY BUTTLER,reaction
"The English middle order has been a weakness, averaging only 22.5 in the last 10 test matches.",analysis
The ICC should ban the use of helmets. They're making the game too safe.,hot_take
THIS IS THE MOST ELECTRIFYING MATCH I'VE EVER SEEN,reaction
"The West Indian batting lineup has the worst average against spin, averaging only 20.5.",analysis
Cricket needs to bring in more rules to protect the batsmen. They're getting injured too often.,hot_take
UNBELIEVABLE SPELL BY RABADA,reaction
"The New Zealand pace attack has the best economy rate in the first 10 overs, averaging only 4.2 RPO.",analysis
The best wicket-keeper in the world is Quinton de Kock. He's the most talented and athletic keeper.,hot_take
THIS IS AN UNBELIEVABLE TURNING POINT,reaction
"The Indian team has the best record in the last 10 years, winning 60% of their matches.",analysis
The ICC should make cricket a 4-day sport. It's too long and boring.,hot_take
UNBELIEVABLE CATCH BY KOHLI,reaction
"The Australian bowling attack has the worst average in the death overs, averaging over 10 RPO.",analysis
The best captain in the world is Kane Williamson. He's the most intelligent and strategic captain.,hot_take
THIS IS THE MOST EXHILARATING SERIES I'VE EVER SEEN,reaction
